{
   "abstract" : "Nagios checks for RabbitMQ using the management interface",
   "author" : [
      "James Casey <jamesc.000@gmail.com>",
      "Thierno IB. BARRY <ibrahima.br@gmail.com>"
   ],
   "dynamic_config" : 1,
   "generated_by" : "Module::Build version 0.4216",
   "license" : [
      "apache_2_0"
   ],
   "meta-spec" : {
      "url" : "http://search.cpan.org/perldoc?CPAN::Meta::Spec",
      "version" : "2"
   },
   "name" : "nagios-plugins-rabbitmq",
   "prereqs" : {
      "build" : {
         "requires" : {
            "Module::Build" : "0"
         }
      },
      "configure" : {
         "requires" : {
            "Module::Build" : "0"
         }
      },
      "runtime" : {
         "recommends" : {
            "Monitoring::Plugin" : "0"
         },
         "requires" : {
            "Getopt::Long" : "0",
            "JSON" : "2.12",
            "LWP::UserAgent" : "0",
            "Pod::Usage" : "0",
            "URI" : "1.35"
         }
      }
   },
   "release_status" : "stable",
   "resources" : {
      "license" : [
         "http://www.apache.org/licenses/LICENSE-2.0.txt"
      ]
   },
   "version" : "v2.0.3",
   "x_serialization_backend" : "JSON::PP version 2.27203"
}
